text,label
please stop the background music folded hands folded hands,Negative
trying to make friends end up with groups of enemies,Negative
its going to be maganificent years heart suit white heart blue heart chequered flag united states,Positive
chad mitchell trio,Neutral
chesters voice actor is so good,Positive
and cracked his block dipping it in the water,Negative
trump bullied him and he caved,Negative
watching from tungnaath uttarakhand temperature is currently,Neutral
koi asa browser btao na jis me pc wali fill aye android me console xol pau jisme pleading face persevering face persevering face,Neutral
ill probably have to watch this several times to fully grasp it thanks for the video ill also be checking out your hour python video,Neutral
what is the fate of palestine ura thumbs up,Neutral
hey man this is cool can you show us how to implement the authentication to the application,Positive
the function of journalism is to present the truth to the people thats it journalism is not supposed to be their for political or personal agendas,Neutral
thank you best tutorials hitesh sir,Positive
the reporters are so god damn disrespectful,Negative
regarding the videos timing could we use two parameterscpu and ramin the config function rather than using init,Negative
icrc is so useless in ukraine,Negative
never been real fan of maher but he occasionally says rational and factual things and even more so recently this type conversation between two people on opposing political sides is refreshing years ago you could actually find these conversations in mainstream media,Positive
rattled the teeth in her mouth,Neutral
yeah right black voters who voted for biden in the south are the corporate donors and doesnt represent the will of the people,Negative
why are they so expensive,Neutral
thanks to hashnode and hitesh handshake,Positive
what teaching style sir love letter love letter love from pakistan love letter love letter,Positive
its only considered assault when man does it face with tears of joy rolling on the floor laughing come on guys we all should be aware of that,Negative
to bad most dog owners are to weak to treat cute little fluffy like that,Negative
warrens smear backfired shes lost lot of support over this and is plummeting in the polls while bernie has only gained momentum theres no point talking about this anymore lets move forward now and focus on more important issues,Positive
its fwd right,Neutral
they will call anyone white supremacist but getting those two facts wrong are the things that make people think he should go to jail,Negative
thank you so much for explaining php for beginners in such simple and beautiful way smiling face with open hands,Positive
when they were repeating wee while turning was so adorable face with tears of joy red heart,Positive
me commenting on an msm video where did my tyt member badge go oh yeah facepalm forgot,Neutral
who would have thought that when you mess with peoples kids they react negatively only everybody in the entire history of having kids,Negative
thanks traversy was stuck on project which used redux and this video helped me understand redux better and my project is now working,Positive
he really is the florida man,Positive
seems there is crew name mentioned on nina video comments certainly hope you lady recovery well maungaturoto new zealand,Neutral
well take your billions of dollars in weapons and aid but your cowards does it make sense to insult someone that is helping you,Negative
hardcore hackey sack,Neutral
havent gotten around to watching your coding in the cabana videos yet but this particular video is really giving me some bob ross vibes,Neutral
perhaps safety rails are too high for women because courteous men have offered their seats to them thanks guys,Neutral
immersion destroyed stimpee doesnt catch shit,Negative
when you fail to set boundaries with your pets you end up on the hub and out of control dog,Negative
you need to install terraform binaries in your pc before following this tutorial otherwise even the first command terraform init will not work,Negative
man this guy is damn genius love your courses max your real good programmer,Positive
someone explain he says he doesnt put returns there but thought arrow functions automatically had returns implicitly,Neutral
bro is motivated till now respect to you and sigma batch op,Positive
ive got words for you jury nullification,Positive
do we need to reinstall it if we need to work on another project,Neutral
guys weve been tricked doesnt race number look just like race number go compare them,Negative
god bless the true president donald john trump veteran,Positive
like to imagine dawid isnt traveling to these places by plane and is instead being summoned by arcane rituals involving janky tech stuff and questionable prebuilts,Neutral
me and my bud get lbs and pk of beer and dont stop until its all gone,Positive
im being so deadass rn youve been my fav youtuber ever since discovered ur wish videos years ago im on new yt acc now your heart is so big were the same age and its so cool to see us both getting older thank for sharing ur life journey with us and bringing us joy with every upload,Positive
youre chucking out good milk and butter send it to me plz thank you,Negative
dekh ke mon khush ho jate hai lovely nice indepth video love letter love letter love letter love letter love letter,Positive
can you tell me hitesh why graph is not in your course,Negative
what movie is this haha,Neutral
need food vacuum sealer prevents freezer burns sell many models at walmart,Positive
just bro commenting to help bro out because said bro helped this bro with this video,Neutral
no school can compete with youtube academy free tutorials for the fucking win,Positive
didnt feel any thing about this disaster if compare to syria lybia iraq etc,Negative
pretty helpful tutorial spent some considerable time to read the official guide but this almost minutes tutorial is lit,Positive
we need chapter split some of us know some to lot this still can be good reference later,Neutral
get your popcorn ready dude cant wait for the show to startand end grinning face with sweat,Neutral
he made fun of my mother last week media referring to our president lol just utterly ridiculous what strange times we live in,Neutral
shes smiling because her house hasnt burned down,Negative
very nice explained sir,Positive
ben shapiro destroys bbc schedule by leaving interview early,Negative
for triangle let bubbles function setup createcanvas forlet iii bubblesnew bubblesrandomwidthrandomheightrandom function mouseclicked for let itbe of bubbles itbemousecmousexmousey function draw background forlet iibubbleslengthi bubblesshow bubblesmove class bubbles constructorxyd thisxx thisyy thisdd thisf show fillthisf strokeweight stroke ellipsethisxthisythisd rectthisxthisythisd trianglethisxthisy thisxthisdthisy thisxthisdthisythisd move thisxrandom thisyrandom mousecuw let ddistthisxthisyuw ifdthisd thisf thisf else ifdthisd thisf thisf if thisxuthisxthisdu thisywthisythisdw ifthisf thisf else ifthisf thisf let createvectorthisxthisycross producttriangle let createvectorthisxthisdthisy let createvectorthisxthisdthisythisd let mousepos createvectormousex mousey let trianglearea abspx px py py px px py py let subarea absmouseposx px py py mouseposy py px px let subarea absmouseposx px py py mouseposy py px px let subarea absmouseposx px py py mouseposy py px px if subareasubareasubareatriangleareathisf thisf else ifsubareasubareasubareatriangleareathisf thisf,Neutral
and this is important why,Neutral
speed play red dead redemption,Positive
since were utilizing the min function why not simply find the minimum value within the original array and return it,Negative
joe bidenthe bringer of war,Negative
bro just snitched on himself,Negative
seawatt probably had it coming for him face with tears of joy,Neutral
and pc gaymers were complaining about ps pro,Negative
come on man command line is not limited to linux disagree with you only on that point rest good video and congrats on the new camera nice quality goforlinux,Negative
also it doesnt make much sense that greenland is owned by denmark just geographically speaking it should be part of canada or the ukireland,Neutral
very well presentation of repository greetings from bulgaria,Positive
day forgot to track but day completed,Neutral
the tragedy is that the oppresseddisappointed people voted for donald trump claiming to battle the establishment truth is trump is the personification of all evil estabishment has to offer,Negative
those bears should have settled this over some beers,Neutral
have suggestion do either marlton or weaver,Positive
anyone not backing the inquiry is clearly nonse,Negative
as was about to press play thought to myself matt will probably keep this face with tears of joy face with tears of joy thumbs up,Positive
are you suggesting its more beneficial to redo neetcode instead of tackling,Neutral
vs code theme,Neutral
why does no news channel show the whole clip why are they cutting out things he says in every sentence we deserve to hear the whole sentence when world leader speaks,Negative
love you for this recently got back into coding after an over year vacancy and doing ur challenges first my way really try and make it work on ur own that spark of pure joy is just amazing when nail it then watch how did the same task and become amazed and high on enthusiasm every time makes this into an extremely pleasant journey thanks for this,Positive
would have died in my own car face with tears of joy face with tears of joy,Negative
hawley is traitor and needs to be expelled from congress period,Negative
the fact that you were honest enough as person to inform amazon is commendable just maybe donating it to children in the childrens hospital that may be able to use it or share it with each other would be just suggestion thank you for your example of honesty,Positive
at least he listens to the other side,Positive
and in the united states its absolutely illegal to have and sell no thanks im not going jail for quick buck,Negative
sir could you please demonstrate how to download the latest version of mingw bit the link in your comprehensive programming video is outdated and we are facing issues with the current link it would be great if you could explain the trick to download the latest version as have tried many methods and am unable to do so struggling to find the correct link and the right approach shown in your video,Negative
shes awesome face with tears of joy love it,Positive
mosh im curious about the timeline to reach an intermediate to senior level in web development and secure employment havent coded in years im sysadmin but have experience with id need to relearn html css react js etc but wouldnt be starting from scratch if dedicate hours day to studying for years would that be sufficient for job im looking to change careers enjoy my work and work remotely among other things,Neutral
bro the ball got so many strings im mad locked in on it,Neutral
they did the same thing just like the series launch,Neutral
not the water mark still being there but then you realize how dumb the average youtube shorts user is so they dont even care to check the username and they make the wrong person famous man facepalming,Negative
im betting this was feature from the beginning but no one used bing until now accidently and were just finding out,Neutral
live in the same town that the police sketch news station is in ive never seen something like that except here skull,Neutral
victory at all costs,Positive
am stunned that the fact she was asian was ever factor with lea salonga see and hear her as phenomenal musician singer and actress thank god she broke through barrier that never should have existed she is at the top of the best that broadway the west end and hollywood have to offer,Positive
review this course is worth it to watch swear because its free and also harry sir provide you free hand written notes for practice in this course harrys teach us basics to ultimate and sir teach us every single topic if you wanna become zero to hero must learn even nonhindi speaker can easily learn javascript through this course in free because of english subtitles must learn this course star star star star star,Positive
can assure you that it flies at never do it flew my avatar over the sea and did everything wrong had the wind against me to return and went very far when tried to return did not advance had to put it in sport mode to run diagonally which took me further from the point of origin was about to get on boat to lower it there because it was frustrating to advance and see that it did not advance until saw it reach already close to me and on land and managed to land meters from me and save it face with tears of joy crying face,Negative
guess he mimicked his mom and dad,Neutral
ohh jesus so of god himself hallelujah,Positive
what if told you you were pre build,Positive
meanwhile indians face with tears of joy new moon face,Neutral
this is why kids should take gap year to figure out what they really want to do didnt get student loan so what do get then,Neutral
its not in korea its in australia face with tears of joy face with tears of joy,Negative
im not sure if it will be successful given how terrible the film was,Negative
he really cooked moai,Positive
no one will explain liitle little things word by word like this thumbs up,Positive
is learning this much enough to create apps or do have to learn java and android too,Neutral
thank you thank you thank you sir partying face partying face for this series partying face partying face,Positive
jump to if you already know the website login procedure,Neutral
one of the best things did in my late twenties was to stop hanging out with coworkers outside of work no drink induced conversations about wages and asperations with coworkers ended up making more money and have less stress,Positive
one of the few places we could find real story was in our local papers and those are going under and being folded into the corporate structure very dangerous there are good sources out there but you have to look for them and when find new source research them as best can want to know who owns them and what their agenda is,Neutral
red heart red heart red heart crying face crying face crying face face holding back tears face holding back tears face holding back tears loudly crying face loudly crying face loudly crying face,Negative
what consequences arise when childhood trauma goes unaddressed believe me tom you really dont want to know the answer to that,Negative
olivers cute walk face its like he was expecting it red heart paw prints dog face,Positive
you my friend are an idiot,Negative
thank you for these video courses you are the best am fan,Positive
thats not humorous its simply display of childish behavior,Negative
bob and weave more like gay patrick mahomes,Negative
you said lets look at numbers at the end tutorial but couldnt find it and thank learning lot,Neutral
who is aiden,Neutral
youre gonna need new battery intake manifold carburetor distributor and exhaust system and probably water pump heater core thermostat brakes wheel bearings driveline ujoints tires radiator fan clutch belts and an alternator im leaving some stuff out but listing every single part would take me all day red heart,Negative
sir im getting an error appwriteexception user role guests missing scope account when trying to get the current user from appwrite service,Negative
they def learned their lesson,Neutral
tough questions can you define what woman is,Neutral
president trump is teacher by trade red heart folded hands dove united states,Neutral
this man deserves padam shree,Positive
just used python in my job for the first time made script that takes excel creates csv file from it which can easily use creates dictionary of values in it and then deletes the csv then it creates word file and sorts the data into table inside word and finally makes it look the way need it to in short script that creates word file from excel,Positive
by any means necessary defend yourself at all times,Neutral
the reason there are so many badly behaved dogs jn the us is the same reason there are so many badly behaved kids people who prefer short term ease to long term discipline and legal system that guarantees the collapse of the social institutions that maintain social integrity humans and canines are not the same kids need parents not grown up friend sorry,Negative
in the last tutorial he says he will teach us more about something in future videos but cant find single other video by them of vb here or on that website of theirs anyone know anything did they ever do any more videos to followup on this really like how he explains stuff,Negative
that may be movie but that happens in real life and on top of that the cop knows that wasnt taser but it happens in real life,Negative
absolutely love it but for anyone at home not wanting to swim in pool of on their garage floor just use some vice grips to pinch of the line while routingconnecting it,Positive
hey dud firstly learn english and design with python researched on youtube and found you you are very very good teaching python well develop my english because of you as well as learn new python skills thank you bro want to meet you and talk about python and programing,Positive
this is way too long cant even scroll ugh,Negative
what if it was on onana in post face with tears of joy,Neutral
lol the look back and sets the remote down killed me face with tears of joy rolling on the floor laughing loudly crying face face with tears of joy,Positive
the happy meal turned into sad meal,Positive
watched the full video from police activity channel the whole min it confirmed all bens saying thank you ben at least we still have few logic smart people,Positive
rogan went maga the moment leftoids starterd shilling for perverts and cross dressers in womens sports,Positive
as remember your udemy angular course doesnt have lecture about file upload this video should be in there bcoz its nice,Neutral
as an american cannot say strongly enough that am so embarrassed that people voted this mentally impaired man into the presidental office again he spouts off those halfbaked words that make no damn sense my father and everyones fathers and grandfathers didnt fight for their country to have that delusional man in office apologize to mexico panama and greenland and every other country president elected donald trump has offended,Negative
borris johnson am putting the uk on lockdown and we must stay home borris stays home and gets cornavirus me goes out to party,Neutral
sir why are you standing while you teach crying face,Negative
face with tears of joy face with tears of joy face with tears of joy face with tears of joy face with tears of joy face with tears of joy red heart red heart red heart red heart red heart red heart congratulations,Positive
you are not funny open your mind and learn,Negative
thats not korean zombie wtf is this shit,Negative
understand what hes saying but lets hope we dont have to use military action against dear friend and very long time allythat would be foolish,Neutral
poor georges situation,Negative
percent the least trustworthy people you could imagine greeting like wassup wassup wouldnt even elicit response from me as continued on my way,Negative
prayers folded hands,Positive
this is so adorable the dad the baby the momma thanks for posting this cuteness red heart,Positive
keep asking her then we will finally see her true colors when she gets upset,Negative
watch complete course and decided to do ful course,Positive
kid made cool nice those people deserved get their money taken,Positive
im unable to make it work with the id throws an error component default in record with path jobsid is not valid component received undefined some ideas,Negative
this all being done high inflation out of stocks to bring america to it knees for more power to them,Negative
loved your tutorial you make javascript to learn easily smiling face with hearteyes,Positive
middle give him the rd ones rifle pinched fingers,Positive
they should make it so the one that isnt talking gets their mic muted he have reached this point,Positive
the first one is an app called rolling apps not sure of the name the app can roll your other apps,Neutral
is it possible to retrieve variables from within function,Neutral
hes little slower than clark kent getting into uniform but obviously hes equally as powerful lol,Neutral
when he said what makes brown was about to say purple and yellow,Neutral
dr persaud dont need prozac need boyfriend feeling attacked,Neutral
cant believe the rice actually fuckin worked hahahah face with tears of joy face with tears of joy face with tears of joy face with tears of joy face with tears of joy face with tears of joy,Positive
every other tech youtuber check out this new thing being showcased at ces dawid check out this junk bought at some random place,Positive
jim jordan for house speaker mccarthy is rino,Negative
woke up with this song playing,Neutral
iat first thought it was message from his daughter was in shock grinning squinting face but than realize what it was,Neutral
tried to make my own socketio connection says io is undefined even put it in the correct index html,Negative
mam nxtwave se padhna sahi rhegaor commerce stream se koi problem toh nhi hogi,Neutral
in our country we dont care what speed we do even if there was speed limit,Neutral
